{
  "Author": "Cooldoom5",
  "Compatibility": "Compatible",
  "Contributors": {
    "Developer": [ "Cooldoom5" ],
    "Manual graphics": [ "JG" ]
  },
  "DefuserDifficulty": "Medium",
  "Description": "8 letters appear every stage. Convert these back into numbers. TAGS: 10-button, Blue, 2-Display",
  "ExpertDifficulty": "Medium",
  "Ignore": [ "+SolvesAtEnd +TimeSensitive" ],
  "ModuleID": "soulsong",
  "MysteryModule": "MustNotBeHiddenOrKey",
  "Name": "Soulsong",
  "Origin": "Mods",
  "Published": "2021-09-22",
  "SolvesAtEnd": true,
  "SortKey": "SOULSONG",
  "SourceUrl": "https://github.com/Cooldoom5/SOULSCREAM",
  "SteamID": "2443979764",
  "Symbol": "Song",
  "Type": "Regular"
}