{
  "Author": "Cooldoom5",
  "Compatibility": "Compatible",
  "DefuserDifficulty": "Medium",
  "Description": "Every stage, use a 5-digit number to make a sequence of characters. TAGS: Red, Black, 5 numbers, 7 buttons",
  "ExpertDifficulty": "Medium",
  "Ignore": [ "+FullBoss" ],
  "IsFullBoss": true,
  "ModuleID": "soulscream",
  "Name": "Soulscream",
  "Origin": "Mods",
  "Published": "2021-04-03",
  "SortKey": "SOULSCREAM",
  "SourceUrl": "https://github.com/Cooldoom5/SOULSCREAM",
  "SteamID": "2443979764",
  "Symbol": "Soul",
  "Type": "Regular"
}